	collectri	omnipath
precision	0.23438	0.46914
recall	1.0	1.0
rand_precision	0.26786	0.52778
auprc	0.17984	0.42162
ap	0.19484	0.43965
epr	0.49778	0.6482
odd_ratio	0.33136	0.1872
