	collectri	omnipath
precision	0.23438	0.46914
recall	1.0	1.0
rand_precision	0.26786	0.52778
auprc	0.20415	0.37584
ap	0.23292	0.38559
epr	0.49778	0.79778
odd_ratio	0.33136	0.39669
