	collectri	omnipath
precision	0.23438	0.46914
recall	1.0	1.0
rand_precision	0.26786	0.52778
auprc	0.20869	0.3884
ap	0.23554	0.40244
epr	0.74667	0.74792
odd_ratio	0.60417	0.31191
