	collectri	omnipath
precision	0.23438	0.46914
recall	1.0	1.0
rand_precision	0.26786	0.52778
auprc	0.18782	0.42229
ap	0.20337	0.43826
epr	0.49778	0.69806
odd_ratio	0.33136	0.24306
