	collectri	omnipath
precision	0.03819	0.2497
recall	1.0	1.0
rand_precision	0.03986	0.25862
auprc	0.0731	0.21741
ap	0.09115	0.21988
epr	3.42149	0.77333
odd_ratio	4.24654	0.64583
