	collectri	omnipath
precision	0.04	0.15702479338842976
recall	1.0	1.0
rand_precision	0.044444444444444446	0.17272727272727273
auprc	0.03860134223333771	0.15718676295629508
ap	0.049761607025597974	0.1676987567406047
epr	0.0	0.3047091412742382
odd_ratio	0.0	0.22530864197530864
