	collectri	omnipath
precision	0.00723	0.01676
recall	1.0	1.0
rand_precision	0.00733	0.01688
auprc	0.00887	0.01905
ap	0.00929	0.01923
epr	0.0	0.3821
odd_ratio	0.0	0.37405
