	collectri	omnipath
precision	0.07812	0.36111
recall	1.0	1.0
rand_precision	0.08929	0.43333
auprc	0.07583	0.31734
ap	0.10935	0.34313
epr	2.24	0.88757
odd_ratio	2.9375	0.70312
