	collectri	omnipath
precision	0.00357	0.02563
recall	1.0	1.0
rand_precision	0.00359	0.02572
auprc	0.00432	0.0249
ap	0.00772	0.02519
epr	1.9901	0.77632
odd_ratio	2.0044	0.76711
