	collectri	omnipath
precision	0.2345679012345679	0.30864197530864196
recall	1.0	1.0
rand_precision	0.2638888888888889	0.3472222222222222
auprc	0.24696393343152856	0.27753350051905135
ap	0.2336170605323477	0.2998075163108276
epr	0.7977839335180055	0.8064000000000001
odd_ratio	0.6755555555555556	0.6265432098765432
