	collectri	omnipath
precision	0.23457	0.30864
recall	1.0	1.0
rand_precision	0.26389	0.34722
auprc	0.21028	0.25094
ap	0.22971	0.26305
epr	0.39889	0.4608
odd_ratio	0.24913	0.23583
