	collectri	omnipath
precision	0.23457	0.30864
recall	1.0	1.0
rand_precision	0.26389	0.34722
auprc	0.27519	0.28161
ap	0.23518	0.299
epr	0.79778	0.576
odd_ratio	0.67556	0.3375
