	collectri	omnipath
precision	0.12244897959183673	0.3125
recall	1.0	1.0
rand_precision	0.14285714285714285	0.4166666666666667
auprc	0.09184379399709547	0.24087454212454212
ap	0.11229182045555774	0.29178571428571426
epr	0.0	0.48
odd_ratio	0.0	0.1875
