	collectri	omnipath
precision	0.0216	0.16797
recall	1.0	1.0
rand_precision	0.02288	0.17917
auprc	0.02427	0.13203
ap	0.03123	0.13825
epr	0.0	0.649
odd_ratio	0.0	0.55055
