	collectri	omnipath
precision	0.0234375	0.14795918367346939
recall	1.0	1.0
rand_precision	0.025	0.15934065934065933
auprc	0.028007231520445305	0.10961306839490648
ap	0.036924520379389154	0.11677908379323537
epr	0.0	0.6492271105826397
odd_ratio	0.0	0.5636094674556213
