	collectri	omnipath
precision	0.02422145328719723	0.16444444444444445
recall	1.0	1.0
rand_precision	0.025735294117647058	0.1761904761904762
auprc	0.02999575891214878	0.12664728619221016
ap	0.03803034206879073	0.1352537440814327
epr	0.0	0.7669831994156319
odd_ratio	0.0	0.6884765625
