	collectri	omnipath
precision	0.02083	0.25926
recall	1.0	1.0
rand_precision	0.02273	0.29167
auprc	0.09438	0.32993
ap	0.1806	0.35071
epr	14.66667	1.63265
odd_ratio	31.75	3.30579
