	collectri	omnipath
precision	0.024793388429752067	0.3125
recall	1.0	1.0
rand_precision	0.02727272727272727	0.35714285714285715
auprc	0.18424350138648732	0.2300766316543339
ap	0.02236346516007533	0.24930527878462178
epr	12.222222222222221	0.42
odd_ratio	26.25	0.1972318339100346
