	collectri	omnipath
precision	0.02083	0.25926
recall	1.0	1.0
rand_precision	0.02273	0.29167
auprc	0.09625	0.19993
ap	0.18302	0.21181
epr	14.66667	0.4898
odd_ratio	31.75	0.30556
